seller_id,seller_state,total_orders,total_revenue,late_delivery_pct,cancellation_pct,Seller Health
ffff564a4f9085cd26170f4732393726,SP,20,1770.86,0,20,Healthy
4c8b8048e33af2bf94f2eb547746a916,SP,23,2458.81,8.7,17.39,Medium Risk
bc47d5d1490df2b36add65d733eafaba,SP,24,1419.91,8.33,8.33,Medium Risk
bacb1f0ed56ad24198f5810d2b3fe9a5,SP,42,7833.39,2.38,7.14,Healthy
4917cee8d902e13428c3ec4b1ca6f315,SC,33,6621.54,3.03,6.06,Healthy
23d7c96d4a1160db1c726b248601b25a,SP,53,13146.52,11.32,5.66,High Risk
718539d38d07dd351c76db862760e2e2,SP,37,1977.95,0,5.41,Healthy
392e0502231ae2f8b29994ef6398cd77,SP,20,2227.59,10,5,Medium Risk
f4c4daa86e30c7e5a553a8d518ac03a5,PR,20,6671.2,5,5,Healthy
784ba75dd9d20200c4caed3d7a77141a,SP,21,8924.95,9.52,4.76,Medium Risk
82bd0703a4aefd6b599e5bfdaed378fb,SP,21,3084.84,4.76,4.76,Healthy
2b1a40c1daabc6ca280c4b815c101841,MG,23,14634.88,4.35,4.35,Healthy
39d54ff918774174706fb065d7f9dc07,SP,23,1956.99,13.04,4.35,High Risk
3d5d0dc7073a299e31fa718ce1bc00b6,RJ,23,1178.13,8.7,4.35,Medium Risk
916c9de0b5ad957346eeeb12f332687e,PR,23,5973.78,0,4.35,Healthy
f615fe7efbef0f4f08fd3086bc7a3e60,SP,23,2748.96,8.7,4.35,Medium Risk
b19f3ca2ea475913750f25a5c37c8d8f,MG,24,7549.55,25,4.17,High Risk
e6a69c4a27dfdd98ffe5aa757ad744bc,SP,24,2518.94,0,4.17,Healthy
994f04b3718c2bab35c2adfa8afecd2a,SP,49,4221.21,8.16,4.08,Medium Risk
8444e55c1f13cd5c179851e5ca5ebd00,MG,99,24951.27,6.06,4.04,Medium Risk
272f092de69afedd4d2969440b37f18f,SP,26,2471.34,0,3.85,Healthy
6a51fc556dab5f766ced6fbc860bc613,SP,26,8370.25,7.69,3.85,Medium Risk
751bdc4d83a466c7206cd42e8f426b03,SP,54,7703.74,1.85,3.7,Healthy
b17b679f4f5ce2e03ce6968c62648246,SP,55,5160.82,16.36,3.64,High Risk
38e679b9e0064cd94c6f035707344dae,PR,28,4418.1,3.57,3.57,Healthy
821fb029fc6e495ca4f08a35d51e53a5,SP,28,20740.25,32.14,3.57,High Risk
e5e33c0d8e7e002f398f5dc4cbbb338f,SP,28,7477.33,10.71,3.57,High Risk
1127b7f2594683f2510f1c2c834a486b,SP,114,8673.04,2.63,3.51,Healthy
4aba391bc3b88717ce08eb11e44937b2,BA,29,8435.21,13.79,3.45,High Risk
73a63f72308aa20a46f4b1632018f196,PR,29,10785.79,0,3.45,Healthy
f12ff17ad8bbf01ec5c33b17e506649b,SP,29,6892.73,10.34,3.45,High Risk
3078096983cf766a32a06257648502d1,SP,59,9700.9,5.08,3.39,Medium Risk
45d33f715e24d15a6ccf5c17b3a23e3c,SP,59,5742.16,6.78,3.39,Medium Risk
66e0557ecc2b4dbea057e93f215f68d8,SP,31,12977.99,25.81,3.23,High Risk
6973a06f484aacf400ece213dbf3d946,SP,95,12374.62,15.79,3.16,High Risk
850913d59ce317156b00f3705f1c3edb,SP,32,3270.96,15.63,3.13,High Risk
a416b6a846a11724393025641d4edd5e,SP,162,28670.52,12.35,3.09,High Risk
a17f621c590ea0fab3d5d883e1630ec6,SP,65,3901.54,7.69,3.08,Medium Risk
b335c59ab742f751a85db9c411a86739,MG,33,3480.72,3.03,3.03,Healthy
5160d23075764e18e07c1f4a87fad743,SP,34,2915.42,2.94,2.94,Healthy
42bde9fef835393bb8a8849cb6b7f245,DF,35,8487.84,2.86,2.86,Healthy
e49c26c3edfa46d227d5121a6b6e4d37,PE,35,4829.71,0,2.86,Healthy
9646c3513289980f17226a2fc4720dbd,SP,71,4247.32,2.82,2.82,Healthy
0adac9fbd9a2b63cccaac4f8756c1ca8,SP,110,18460.22,6.36,2.73,Medium Risk
3fd1e727ba94cfe122d165e176ce7967,SP,37,3394.42,18.92,2.7,High Risk
45ba18c210d42734ec52c0c1c574e9ee,SP,38,6562.09,5.26,2.63,Medium Risk
5b8154610ebb21fb90eb587365e673df,SP,38,10474.98,10.53,2.63,High Risk
e2aee0892199b1d92530e371abd825bf,PR,38,8317.29,13.16,2.63,High Risk
0cbcee27c791afa0cdcb08587a2013a8,MG,39,6141.31,10.26,2.56,High Risk
f5a590cf36251cf1162ea35bef76fe84,SP,117,57440.94,10.26,2.56,High Risk
75fbb52eda0cbc24f479d3b2fbfa8d3e,GO,40,2074.51,5,2.5,Healthy
d1b65fc7debc3361ea86b5f14c68d2e2,SP,40,13141.8,5,2.5,Healthy
d66c305afaec317ebee552073a674429,MG,41,6085.7,2.44,2.44,Healthy
dc8798cbf453b7e0f98745e396cc5616,SP,41,2680.7,4.88,2.44,Healthy
82e0a475a88cc9595229d8029273f045,SP,42,12415.92,9.52,2.38,Medium Risk
c847e075301870dd144a116762eaff9a,MG,42,16460.78,9.52,2.38,Medium Risk
0432ead42b6c8a0bdf68154add917fdf,SP,85,8999.62,3.53,2.35,Healthy
9674754b5a0cb32b638cec001178f799,SP,86,6284.83,3.49,2.33,Healthy
9add47bf45ce8e8c7db6b9cf670b1e09,PR,43,5987.28,2.33,2.33,Healthy
2089a6d640999f9b9141ac719b2af596,SP,44,9525.94,13.64,2.27,High Risk
835f0f7810c76831d6c7d24c7a646d4d,SP,44,6094.03,29.55,2.27,High Risk
a2e874074c877c5a05abae80ad6e488f,SP,44,9274.8,4.55,2.27,Healthy
ad781527c93d00d89a11eecd9dcad7c1,SP,44,9279.26,27.27,2.27,High Risk
cd06602b43d8800bd0afad514919d35c,SP,44,3335.33,4.55,2.27,Healthy
432c37c9dfba871172ec162e20118b8c,DF,46,3938.54,8.7,2.17,Medium Risk
afe0067131b73e40875c9b6c10bd2e21,MG,46,6255.85,4.35,2.17,Healthy
ede0c03645598cdfc63ca8237acbe73d,SP,46,3269.87,32.61,2.17,High Risk
9b00ed88b7fdb95d6ff76e27c1b52d16,SP,47,2203.36,6.38,2.13,Medium Risk
c3867b4666c7d76867627c2f7fb22e21,SP,245,42197.18,11.02,2.04,High Risk
cb3dd9ce66268c7a3ca7241ac70ab58c,SP,50,3725.71,6,2,Medium Risk
2a1348e9addc1af5aaa619b1a3679d6b,MG,52,3631.4,25,1.92,High Risk
95f83f51203c626648c875dd41874c7f,MG,52,4826.51,5.77,1.92,Medium Risk
8e6cc767478edae941d9bd9eb778d77a,MG,106,9115.41,7.55,1.89,Medium Risk
0be8ff43f22e456b4e0371b2245e4d01,SP,161,14384.65,6.21,1.86,Medium Risk
dd2bdf855a9172734fbc3744021ae9b9,MG,108,12853.88,5.56,1.85,Medium Risk
2a84855fd20af891be03bc5924d2b453,MG,164,19270.61,3.05,1.83,Healthy
fffd5413c0700ac820c7069d66d98c89,SP,60,11896.04,13.33,1.67,High Risk
18a349e75d307f4b4cc646a691ed4216,SP,121,10909.56,5.79,1.65,Medium Risk
75d34ebb1bd0bd7dde40dd507b8169c3,BA,62,16479.51,14.52,1.61,High Risk
7a241947449cc45dbfda4f9d0798d9d0,MG,62,10018.1,6.45,1.61,Medium Risk
b6d44737c043328708f6749c2dbe50bd,SP,62,6935.2,6.45,1.61,Medium Risk
fcb5ace8bcc92f75707dc0f01a27d269,SP,62,9273.33,3.23,1.61,Healthy
cce6ab8d1682639fe45ab70234f1665f,SP,63,3690.14,4.76,1.59,Healthy
a673821011d0cec28146ea42f5ab767f,SP,129,16490.14,10.85,1.55,High Risk
ce248b21cb2adc36282ede306b7660e5,SC,65,17296.95,10.77,1.54,High Risk
4a3ccda38b2129705f3fb522db62ca31,SP,66,18494.93,9.09,1.52,Medium Risk
8a32e327fe2c1b3511609d81aaf9f042,SP,132,8792.04,3.03,1.52,Healthy
99eaacc9e6046db1c82b163c5f84869f,SP,66,14274.52,10.61,1.52,High Risk
f457c46070d02cadd8a68551231220dd,PR,199,22807.22,6.03,1.51,Medium Risk
48162d548f5b1b11b9d29d1e01f75a61,SP,68,22592.17,2.94,1.47,Healthy
5f2684dab12e59f83bef73ae57724e45,SP,68,10123.06,5.88,1.47,Medium Risk
7040e82f899a04d1b434b795a43b4617,SP,212,12955.98,9.43,1.42,Medium Risk
5343d0649eca2a983820bfe93fc4d17e,SP,71,12393.23,9.86,1.41,Medium Risk
ca3bd7cd9f149df75950150d010fe4a2,SP,71,13171.37,4.23,1.41,Healthy
8f119a0aee85c0c8fc534629734e94fd,SP,77,4826.45,5.19,1.3,Medium Risk
d05ae8f7a5bd1d2a690a44cd079e4e27,RJ,78,14595.43,8.97,1.28,Medium Risk
7e1fb0a3ebfb01ffb3a7dae98bf3238d,SP,159,30335.93,12.58,1.26,High Risk
7e93a43ef30c4f03f38b393420bc753a,SP,336,182754.05,5.36,1.19,Medium Risk
b2ba3715d723d245138f291a6fe42594,SP,337,58173.02,8.61,1.19,Medium Risk
0df3984f9dfb3d49ac6366acbd3bbb85,MG,87,11520.21,1.15,1.15,Healthy
2ff97219cb8622eaf3cd89b7d9c09824,SP,89,5866.03,5.62,1.12,Medium Risk
bd23da7354813347129d751591d1a6e2,SP,89,12011.13,4.49,1.12,Healthy
d20b021d3efdf267a402c402a48ea64b,SP,90,5715.17,16.67,1.11,High Risk
891071be6ba827b591264c90c2ae8a63,SP,92,5454.35,16.3,1.09,High Risk
7b07b3c7487f0ea825fc6df75abd658b,SP,93,11074.64,4.3,1.08,Healthy
440dd6ab244315c632130ecfb63827b1,SP,94,15793.21,12.77,1.06,High Risk
41b39e28db005d9731d9d485a83b4c38,SP,195,21042.91,6.15,1.03,Medium Risk
ceaec5548eefc6e23e6607c5435102e7,SP,203,59249.02,5.91,0.99,Medium Risk
dbc22125167c298ef99da25668e1011f,MG,406,41789.16,2.46,0.99,Healthy
4371b634e0efc0e22b09b52907d9d469,SP,102,9678.79,7.84,0.98,Medium Risk
b2479f944e1b90cf8a5de1bbfde284d6,SP,103,6992.22,13.59,0.97,High Risk
4830e40640734fc1c52cd21127c341d4,SP,210,12970.02,6.67,0.95,Medium Risk
25e6ffe976bd75618accfe16cefcbd0d,SP,108,13396.85,5.56,0.93,Medium Risk
6c7d50c24b3ccd2fd83b44d8bb34e073,SP,114,11470.19,1.75,0.88,Healthy
f80edd2c5aaa505cc4b0a3b219abf4b8,SP,119,12108.94,5.04,0.84,Medium Risk
620c87c171fb2a6dd6e8bb4dec959fc6,RJ,740,128909.71,9.73,0.81,Medium Risk
cd68562d3f44870c08922d380acae552,SP,125,20777.19,17.6,0.8,High Risk
17e34d8224d27a541263c4c64b11a56b,SP,255,61603.2,8.24,0.78,Medium Risk
562fc2f2c2863ab7e79a9e4388a58a14,SP,260,13119.34,3.46,0.77,Healthy
2138ccb85b11a4ec1e37afbd1c8eda1f,SP,396,18426.25,5.3,0.76,Medium Risk
12b9676b00f60f3b700e83af21824c0e,RS,135,30342.69,1.48,0.74,Healthy
5a8e7d5003a1f221f9e1d6e411de7c23,SP,139,13866.19,5.76,0.72,Medium Risk
8b28d096634035667e8263d57ba3368c,SP,143,11967.15,11.19,0.7,High Risk
cfb1a033743668a192316f3c6d1d2671,SP,147,16236.2,11.56,0.68,High Risk
36a968b544695394e4e9d7572688598f,SP,154,11628.87,4.55,0.65,Healthy
855668e0971d4dfd7bef1b6a4133b41b,SP,312,40005.36,13.46,0.64,High Risk
9c0e69c7bf2619675bbadf47b43f655a,SP,157,36602.96,10.19,0.64,High Risk
2528513dd95219a6013d4d05176e391a,SP,161,36438.75,4.97,0.62,Healthy
669ae81880e08f269a64487cfb287169,SC,162,16621.46,4.32,0.62,Healthy
de23c3b98a88888289c6f5cc1209054a,SP,164,29081.81,9.76,0.61,Medium Risk
2e1c9f22be269ef4643f826c9e650a52,SP,167,15122.37,6.59,0.6,Medium Risk
7ddcbb64b5bc1ef36ca8c151f6ec77df,SP,334,63525.29,8.38,0.6,Medium Risk
46dc3b2cc0980fb8ec44634e21d2718e,RJ,521,139909.69,6.33,0.58,Medium Risk
86ccac0b835037332a596a33b6949ee1,SC,180,20588.6,3.33,0.56,Healthy
cc419e0650a3c5ba77189a1882b7556a,SP,1706,129957.41,5.92,0.53,Medium Risk
8581055ce74af1daba164fdbd55a40de,SP,387,74584.3,9.82,0.52,Medium Risk
f262cbc1c910c83959f849465454ddd3,SP,192,12989.85,9.38,0.52,Medium Risk
e26901d5ab434ce92fd9b5c256820a4e,SP,202,14938.88,2.48,0.5,Healthy
6edacfd9f9074789dad6d62ba7950b9c,SP,208,16087.6,5.77,0.48,Medium Risk
8d956fec2e4337affcb520f56fd8cbfd,SP,211,14343.14,10.43,0.47,High Risk
e9bc59e7b60fc3063eb2290deda4cced,PR,216,39031.56,10.65,0.46,High Risk
e5a3438891c0bfdb9394643f95273d8e,SP,224,11112.62,17.86,0.45,High Risk
53e4c6e0f4312d4d2107a8c9cddf45cd,SP,473,40036.19,5.29,0.42,Medium Risk
a1043bafd471dff536d0c462352beb48,MG,718,133745.25,5.57,0.42,Medium Risk
88460e8ebdecbfecb5f9601833981930,PR,248,36543.1,19.35,0.4,High Risk
1da3aeb70d7989d1e6d9b0e887f97c23,SP,265,13055.36,5.66,0.38,Medium Risk
6560211a19b47992c3666cc44a7e94c0,SP,1854,151265.77,6.31,0.38,Medium Risk
3d871de0142ce09b7081e2b9d1733cb1,SP,1080,117347.71,5.83,0.37,Medium Risk
634964b17796e64304cadf1ad3050fb7,RJ,268,45420.53,10.07,0.37,High Risk
fa40cc5b934574b62717c68f3d678b6d,SP,307,20586.77,6.19,0.33,Medium Risk
897060da8b9a21f655304d50fd935913,SP,317,29887.47,11.36,0.32,High Risk
5dceca129747e92ff8ef7a997dc4f8ca,SP,325,125816.92,6.15,0.31,Medium Risk
77530e9772f57a62c906e1c21538ab82,PR,320,55063.99,11.25,0.31,High Risk
ef506c96320abeedfb894c34db06f478,SP,324,14968.43,8.33,0.31,Medium Risk
7299e27ed73d2ad986de7f7c77d919fa,MG,338,41581.08,4.73,0.3,Healthy
4d6d651bd7684af3fffabd5f08d12e5a,SP,369,51486.31,4.61,0.27,Healthy
218d46b86c1881d022bce9c68a7d4b15,SP,388,62737.54,9.28,0.26,Medium Risk
85d9eb9ddc5d00ca9336a2219c97bb13,MG,509,24029.58,3.54,0.2,Healthy
d2374cbcbb3ca4ab1086534108cc3ab7,SP,524,30817.8,5.73,0.19,Medium Risk
fa1c13f2614d7b5c4749cbc52fecda94,SP,585,204084.73,10.09,0.17,High Risk
e9779976487b77c6d4ac45f75ec7afe9,SP,657,53302.66,7.15,0.15,Medium Risk
f8db351d8c4c4c22c6835c19a46f01b0,SP,667,63079.8,5.1,0.15,Medium Risk
cca3071e3e9bb7d12640c9fbe2301306,SP,712,78381.29,5.76,0.14,Medium Risk
4a3ca9315b744ce9f8e9374361493884,SP,1806,235539.96,10.8,0.11,High Risk
4869f7a5dfa277a7dca6462dcf3b52b2,SP,1132,249640.7,11.48,0.09,High Risk
7a67c85e85bb2ce8582c35f2203ad736,SP,1160,162648.38,5.86,0.09,Medium Risk
ea8482cd71df3c1969d7b9473ff13abc,SP,1146,54722.29,10.3,0.09,High Risk
955fee9216a65b617aa5c0531780ce60,SP,1287,160602.68,7.61,0.08,Medium Risk
1f50f920176fa81dab994f9023523100,SP,1404,142104.98,10.54,0.07,High Risk
001cca7ae9ae17fb1caed9dfb1094831,ES,200,33934.17,6.5,0,Medium Risk
002100f778ceb8431b7a1020ff7ab48f,SP,51,2028.16,17.65,0,High Risk
004c9cd9d87a3c30c522c48c4fc07416,SP,158,23263.94,8.23,0,Medium Risk
00ee68308b45bc5e2660cd833c3f81cc,SP,135,23440.66,8.89,0,Medium Risk
00fc707aaaad2d31347cf883cd2dfe10,PR,103,14969.99,4.85,0,Healthy
013900e863eace745d3ec7614cab5b1a,PR,23,2089.37,0,0,Healthy
0176f73cc1195f367f7b32db1e5b3aa8,SP,38,6020.11,10.53,0,High Risk
01cf7e3d21494c41fb86034f2e714fa1,PR,61,11738.18,4.92,0,Healthy
01fd077212124329bac32490e8ef80d9,SP,31,1783.36,3.23,0,Healthy
01fdefa7697d26ad920e9e0346d4bd1b,PR,129,17690.07,6.2,0,Medium Risk
0241d4d5d36f10f80c644447315af0bd,PR,238,38251.61,5.88,0,Medium Risk
02ecc2a19303f05e59ce133fd923fff7,SP,21,5742.4,0,0,Healthy
02f5837340d7eb4f653d676c7256523a,PR,30,4463.88,3.33,0,Healthy
02f623a8eb246f3c5f7c2f96462654e6,SP,44,7207.63,9.09,0,Medium Risk
04308b1ee57b6625f47df1d56f00eedf,SC,94,63184.99,11.7,0,High Risk
048c2757535328e0d7dac690ad3c0aae,SP,51,10551.06,13.73,0,High Risk
04e38a233f726ef161074ab1c9b0399a,SP,23,1811.27,13.04,0,High Risk
0509040ea3fe50071181bbc359eb7738,MG,89,5183.1,6.74,0,Medium Risk
054694fa03fe82cec4b7551487331d74,SP,21,10703.75,28.57,0,High Risk
056b4ada5bbc2c50cc7842547dda6b51,RJ,65,13639.41,10.77,0,High Risk
058fd0aa2bfdb2274e05e1ae971dabb6,SP,61,8555.8,6.56,0,Medium Risk
05d2173d43ea568aa0540eba70d2ca76,MG,62,7438.93,6.45,0,Medium Risk
05f51e13da97139648b8125c31e5f51b,MG,60,15788.3,15,0,High Risk
05ff92fedb5be47920fea08e501238b9,RS,59,23808.17,5.08,0,Medium Risk
062ce95fa2ad4dfaedfc79260130565f,RS,55,8721.44,3.64,0,Healthy
06579cb253ecd5a3a12a9e6eb6bf8f47,SP,62,6226.61,12.9,0,High Risk
066a6914e1ebf3ea95a216c73a986b91,PR,68,11115.95,2.94,0,Healthy
0691148aee60ca47977c187804f935ae,PR,47,7359.45,2.13,0,Healthy
06a2c3af7b3aee5d69171b0e14f0ee87,MA,392,48550.24,22.96,0,High Risk
06df0c10d34e459d9672bc77388742eb,PR,26,9595.77,11.54,0,High Risk
06e5eefc71ec47ae763c5c6f8db7064f,RS,92,24381.84,2.17,0,Healthy
070d165398b553f3b4b851c216b8a358,SP,32,4396.75,15.63,0,High Risk
080102cd0a76b09e0dcf55fcacc60e05,MG,124,7912.71,4.03,0,Healthy
080199a181c46c657dc5aa235411be3b,SP,79,15544.88,2.53,0,Healthy
08633c14ef2db992c11f840f04fad4cd,SP,74,9068.82,6.76,0,Medium Risk
0885aaf116795758dfeb5f1032487bcd,SP,28,3162.32,3.57,0,Healthy
093805f8f2aeb63881444571e1f48f30,SP,22,1559.73,4.55,0,Healthy
09f952a5f58d2285b0372551ae8f9b01,SP,50,13346.46,6,0,Medium Risk
0afccdb8a34ee5c79f7c06faf2b4d56e,MG,25,1613.78,8,0,Medium Risk
0b35c634521043bf4b47e21547b99ab5,PR,51,15008.74,15.69,0,High Risk
0b90b6df587eb83608a64ea8b390cf07,PR,164,32207.64,3.66,0,Healthy
0bae85eb84b9fb3bd773911e89288d54,SP,137,10406.4,0.73,0,Healthy
0bb738e4d789e63e2267697c42d35a2d,SP,30,3030.64,3.33,0,Healthy
0bf0150d5b9d60d9cd2906003332f085,SP,39,6872.34,20.51,0,High Risk
0c7533c71df861ec58ad7ff999ed0e8d,SP,61,3863.51,4.92,0,Healthy
0c8380b62e38e8a1e6adbeba7eb9688c,MG,182,21455.83,5.49,0,Medium Risk
0d33a55da925bbf1ff02af5f6059fc7f,SP,22,932.91,4.55,0,Healthy
0d85bbda9889ce1f7e63778d24f346eb,MG,51,6469.7,11.76,0,High Risk
0db783cfcd3b73998abc6e10e59a102f,SP,132,11076.55,3.79,0,Healthy
0dd184061fb0eaa7ca37932c68ab91c5,SP,161,23766.42,11.8,0,High Risk
0ea22c1cfbdc755f86b9b54b39c16043,MG,237,15075.31,1.69,0,Healthy
0ebd97a106433a45a4aebe57c1799778,MG,31,3661.68,0,0,Healthy
0ed6ce5d87fd9c69eaacaeb778d67235,SP,43,2829.25,13.95,0,High Risk
0ef83d7d83ed97cd2a0049ac8be5f88a,PR,48,5447.81,2.08,0,Healthy
0ffa40d54288e4f3499b8780dd0f144f,SP,33,2746.47,15.15,0,High Risk
10076e5788b8ee532724bcd460baf762,SP,23,1198.78,4.35,0,Healthy
1025f0e2d44d7041d6cf58b6550e0bfa,SP,915,172860.69,10.05,0,High Risk
11305281b50fff20ae8bb473f8e11876,MG,35,7973.21,11.43,0,High Risk
113e3a788b935f48aad63e1c41dac1bd,SP,39,1533.95,5.13,0,Medium Risk
116ccb1a1604bc88e4d234a8c23f33de,SP,61,2948.33,6.56,0,Medium Risk
11bfa66332777660bd0640ee84d47006,SP,76,5608.54,15.79,0,High Risk
128639473a139ac0f3e5f5ade55873a5,PR,533,21694.45,6.19,0,Medium Risk
1336efc61c316ddf92c899eb817f7cae,SP,74,6355.29,9.46,0,Medium Risk
138dbe45fc62f1e244378131a6801526,SP,49,1814.8,4.08,0,Healthy
13d058e4eeac2ce8217660b2f8a05812,SP,23,4755.88,13.04,0,High Risk
1464afc72f696af775557a821c2e253f,RJ,29,1513.78,3.45,0,Healthy
14a08204d03bb6b6bde8029f801ae0eb,SP,28,2779.1,0,0,Healthy
14d7985702e72162bbf13b6beb74ab2b,SP,37,4441,13.51,0,High Risk
1554a68530182680ad5c8b042c3ab563,MG,247,35850.79,6.88,0,Medium Risk
157c3e4b42f81ac4a44e8b1ca2fe9876,SP,23,3131.82,8.7,0,Medium Risk
15aac934c58d886785ac1b17953ea898,ES,25,5019.6,12,0,High Risk
16090f2ca825584b5a147ab24aa30c86,SP,402,31173.11,10.7,0,High Risk
165fc07beebdcb6190fba8a06db2a449,PR,50,19081.43,12,0,High Risk
17306570e772e7718c92a562d33f5f1d,SP,29,10600.63,6.9,0,Medium Risk
1771297ac436903d1dd6b0e9279aa505,SP,28,3466.43,3.57,0,Healthy
17a053fcb14bd219540cbde0df490be0,SP,125,49531.57,8,0,Medium Risk
17ca9b9e9b9ef8fdb529001b49ebb50f,MG,116,12120.72,2.59,0,Healthy
17f51e7198701186712e53a39c564617,SP,56,57812.43,8.93,0,Medium Risk
1835b56ce799e6a4dc4eddc053f04066,SP,423,42086.16,11.58,0,High Risk
1838dd9b8977065acf51d95e0053ea7a,MG,64,4075.88,4.69,0,Healthy
18e694e0e48ed6f7aa3f24aade5fd697,SP,31,1205.77,3.23,0,Healthy
1900267e848ceeba8fa32d80c1a5f5a8,SP,411,33120.59,10.22,0,High Risk
198c7ea11960a9844b544d9bcdca860c,MG,25,2225.38,12,0,High Risk
1a3df491d1c4f1589fc2b934ada68bf2,SC,167,27594.12,5.39,0,Medium Risk
1a932caad4f9d804097d7f8e615baed1,SP,20,5701.45,20,0,High Risk
1b4c3a6f53068f0b6944d2d005c9fc89,SC,113,17791.67,6.19,0,Medium Risk
1b8356dabde1d35e17cef975c3f82730,SP,56,4413.61,1.79,0,Healthy
1b938a7ec6ac5061a66a3766e0e75f90,SP,30,4897.83,3.33,0,Healthy
1bb2bdb95f4841f1bba2c0d2cd83d3c9,SP,81,6149.27,7.41,0,Medium Risk
1c129092bf23f28a5930387c980c0dfc,SP,201,12589.29,5.47,0,Medium Risk
1c40343cc5d18c2d8248ac2f3366de34,SP,21,2839.42,9.52,0,Medium Risk
1c68394e931a64f90ea236c5ea590300,PR,142,27729.16,3.52,0,Healthy
1ca7077d890b907f89be8c954a02686a,SP,115,15001.43,20.87,0,High Risk
1caf283236cd69af44cbc09a0a1e7d32,RJ,33,1530.25,9.09,0,Medium Risk
1ce3ae5a399804d1a87e706f8a813c3e,SC,40,3416.69,10,0,Medium Risk
1d4587203296c8f4ad134dc286fa6db0,SP,42,3027.54,4.76,0,Healthy
1d8dbc4f32378d715c717c1c1fc57bae,PR,92,13421.05,9.78,0,Medium Risk
1da366cade6d8276e7d8beea7af5d4bf,MG,43,8673.73,11.63,0,High Risk
1dc2de47ee26a0a5b12dc14fd6dc0dea,SP,25,2287.5,12,0,High Risk
1dfe5347016252a7884b694d4f10f5c4,SP,21,2129.73,23.81,0,High Risk
1e8b33f18b4f7598d87f5cbee2282cc2,SP,123,20011.3,4.88,0,Healthy
1eade46fba20122dc4aefb379f8c636b,SP,58,4673.71,13.79,0,High Risk
1f1bb1f0859883505541bdd6606193e5,SP,27,16562.87,11.11,0,High Risk
1f9ab4708f3056ede07124aad39a2554,SP,78,16043.51,5.13,0,Medium Risk
1fe5540d7c1c37a595fefbacd5570d9e,RJ,20,5118.75,5,0,Healthy
20cb7c2fde3e5bf10f0bbe7394e1c6a9,PR,32,1660.28,9.38,0,Medium Risk
20d83f3ef0e6925fd74bfd59170babf7,SP,40,3557.21,5,0,Healthy
213b25e6f54661939f11710a6fddb871,SP,155,18839.96,8.39,0,Medium Risk
2156f2671501a81034d7d07f217609d0,SP,22,3433.89,13.64,0,High Risk
2199e7fe213c16213bf5d6a7eadc9a5d,SP,25,4647.78,4,0,Healthy
229c3efbfb0ea2058de4ccdfbc3d784a,MG,121,18106.57,1.65,0,Healthy
232a6014e7b10cba61c6c2b2ea6bb4b0,SP,33,5133.27,6.06,0,Medium Risk
23613d49c3ac2bd302259e55c06c050c,SP,70,6460.76,14.29,0,High Risk
238fac594e170b59c6d228f5a4f4f1d9,SP,29,4545.52,10.34,0,High Risk
23a0ffca143a15b9b5bbdb7d552f626a,SP,23,4304.28,13.04,0,High Risk
23c38debaffe4a25a30fdbd9b586a13f,SP,41,6216.56,14.63,0,High Risk
240b9776d844d37535668549a396af32,RJ,36,14452.65,5.56,0,Medium Risk
244c2f1bff6afe1f2eaf9bfe9b2aed38,SP,23,3794.87,8.7,0,Medium Risk
259f7b5e6e482c230e5bfaa670b6bb8f,SP,138,11265.25,2.17,0,Healthy
25c5c91f63607446a97b143d2d535d31,MG,158,61679.33,6.96,0,Medium Risk
25cf099de44674fde97473224f9d59ab,SP,50,2359.55,4,0,Healthy
26d8a1c7c75d513045798992ead43aa2,PR,36,8945.78,8.33,0,Medium Risk
2709af9587499e95e803a6498a5a56e9,SP,26,1859.02,11.54,0,High Risk
271c58a1d139c45eaf3316107c6d3a3b,SP,29,4568.71,6.9,0,Medium Risk
2745f798279e0ed033addcc1474776d7,SP,32,4364.99,9.38,0,Medium Risk
276677b5d08786d5dce7c2149dcce48b,MG,33,4320.64,9.09,0,Medium Risk
282f23a9769b2690c5dda22e316f9941,MG,99,8386.96,5.05,0,Medium Risk
289cdb325fb7e7f891c38608bf9e0962,SP,110,15639.29,1.82,0,Healthy
28f10b1c5e5abb9d4857745bede6147c,SP,28,1185.42,21.43,0,High Risk
2a261b5b644fa05f4f2700eb93544f2c,SP,51,7396.73,19.61,0,High Risk
2a5b78b41cd05baeac8df54c6606b92c,MG,49,20132.83,2.04,0,Healthy
2a6fbeaa7ab9e5d59a35841a8da71ce4,SC,30,2265.28,6.67,0,Medium Risk
2a7dc43cecabf23403078e2188437d1d,SP,52,5629.62,7.69,0,Medium Risk
2b3e4a2a3ea8e01938cabda2a3e5cc79,SP,52,24535.1,0,0,Healthy
2bf6a2c1e71bbd29a4ad64e6d3c3629f,RJ,30,51629.49,10,0,Medium Risk
2c9e548be18521d1c43cde1c582c6de8,SP,126,8603.05,15.87,0,High Risk
2d50d6282f8aa2257819a77bfaa0efe0,SP,44,4151.52,13.64,0,High Risk
2dee2ce60de9709b1a24083217181a1f,MT,54,9844.56,1.85,0,Healthy
2e13c71026e1a39ba5cc1b86dcb679aa,SP,24,4310.21,8.33,0,Medium Risk
2e90cb1677d35cfe24eef47d441b7c87,SP,127,16782.16,13.39,0,High Risk
2eb70248d66e0e3ef83659f71b244378,SP,202,45860.1,12.87,0,High Risk
30a2f535bb48308f991d0b9ad4a8c4bb,SP,71,5815.36,2.82,0,Healthy
31344c16881c08a8a72c6d2eb29918c1,MG,43,11912.62,4.65,0,Healthy
31561f325664a8a7aba4c8d0c3a9b3db,SP,36,3329.36,2.78,0,Healthy
318f287a62ab7ac10b703ac37435a231,SP,52,3634.6,9.62,0,Medium Risk
31da954dc0855f2495c6310f70a2f931,SP,29,5032.71,10.34,0,High Risk
323ce52b5b81df2cd804b017b7f09aa7,SP,30,2955.67,16.67,0,High Risk
325f3178fb58e2a9778334621eecdbf9,SP,36,1433.37,0,0,Healthy
32b8764b4ef628b53608fc34011fcc13,SC,36,11854.42,8.33,0,Medium Risk
3340ef1913fb70d28420f6ceb685c339,PR,32,7481.55,9.38,0,Medium Risk
33576ec5412fb5905d876f12f33bfde6,PR,31,3287.98,3.23,0,Healthy
3361277dc30b7cccdb0c286b24219756,PR,29,4540.9,6.9,0,Medium Risk
33a17d60c64393351ebf1ef860f4e0f2,RS,43,9431.86,2.33,0,Healthy
33a6f4b1e7cdc205511e76ba1b6e0186,SP,105,12183.91,1.9,0,Healthy
33ac3e28642ab8bda860a2f693000e78,SP,34,4151.12,0,0,Healthy
34056b8b55c1775a22af2331670a799c,SP,78,8229.89,11.54,0,High Risk
3481aa57cd91f9f9d3fa1fa12d9a3bf7,SP,25,2547.17,0,0,Healthy
34d1ca11b242c0fee2c834ae8d788566,MG,40,14404.28,0,0,Healthy
3504c0cb71d7fa48d967e0e4c94d59d9,SP,53,3037.31,0,0,Healthy
3586b8580d9c917874e053a1bb37b5ff,SP,36,2352.35,2.78,0,Healthy
37515688008a7a40ac93e3b2e4ab203f,SP,228,9417.7,10.09,0,High Risk
376a891762bbdecbc02b4b6adec3fdda,GO,57,7693.63,3.51,0,Healthy
3771c85bac139d2344864ede5d9341e3,SP,26,1842.26,15.38,0,High Risk
3785b653b1b82de85ab47dd139938091,PR,21,2033.27,0,0,Healthy
37be5a7c751166fbc5f8ccba4119e043,SP,272,61433.88,2.57,0,Healthy
381c83fdca332ea6afd896da20bf6e4a,PR,46,8355.01,4.35,0,Healthy
382229d1e840115ffe3dbf5ff460e417,RJ,46,4966.62,10.87,0,High Risk
391fc6631aebcf3004804e51b40bcf1e,SP,526,50142.83,10.27,0,High Risk
3ab971ce71839580d2ae5b4e40fe8044,SP,36,5899.05,8.33,0,Medium Risk
3ade81dab5a172b88e1871c28ae05260,SP,30,7302.99,13.33,0,High Risk
3b15288545f8928d3e65a8f949a28291,SP,104,16513.69,6.73,0,Medium Risk
3b872fd4747f01cc56206f2934198618,SP,25,3843.11,16,0,High Risk
3bb548e3cb7f70f28e3f11ee9dce0e59,PR,46,8586.81,0,0,Healthy
3bdff180c7e1f6551a643b99c265a120,SP,59,4161.86,5.08,0,Medium Risk
3be634553519fb6536a03e1358e9fdc7,SP,83,7226.65,8.43,0,Medium Risk
3c03b12bab54d8b37d79d914bfdb1aa0,RJ,37,4919.77,16.22,0,High Risk
3c487ae8f8d7542beff5788e2e0aea83,DF,30,10105.35,3.33,0,Healthy
3c4e0452bff7a2a788179488d3d77032,PR,32,4352.52,3.13,0,Healthy
3c7c4a49ec3c6550809089c6a2ca9370,SP,141,5858.3,7.8,0,Medium Risk
3d8fa2f5b647373c8620330c4e077a9f,SP,43,4390.55,2.33,0,Healthy
3db66a856d18a9cba7c9241fc5221c50,MG,94,11522.66,11.7,0,High Risk
3df020b72d3d44b3af9d110fa3940b65,SP,55,6749.47,12.73,0,High Risk
3f3486b61f45078d4f31ee5e43d8c5bb,SP,40,4726.57,15,0,High Risk
3f995f07c49d0d55a99d5c54957f7d81,SP,43,4627.2,2.33,0,Healthy
406822777a0b9eb5c50e442dd4cd3ec5,SP,45,4596.34,13.33,0,High Risk
40d54b51e962dbe09cabbcfd33298dee,SP,30,7323.25,0,0,Healthy
411f3b52d857390502ee4e4d5ceabc2d,SP,21,2182.72,14.29,0,High Risk
412a4720f3e9431b4afa1476a1acddbe,SP,21,2569.16,4.76,0,Healthy
41c2bad7229b0c25e6becf179ebf63ff,RN,20,971.92,0,0,Healthy
4200ddf1967c5e41e48db62bc6d4b5ac,SP,22,1222.73,4.55,0,Healthy
42b729f859728f5079499127a9c2ef37,SP,104,5434.07,7.69,0,Medium Risk
42ef3192a9ff87a22d1867b74b3ee205,SP,23,1655.97,0,0,Healthy
42fa4ee7240e9b8eb4576358ec142ba7,RS,22,4364.47,0,0,Healthy
430315b7bb4b6e4b3c978f9dfa9b0558,SP,20,3704.63,5,0,Healthy
431af27f296bc6519d890aa5a05fdb11,SP,117,15250.85,15.38,0,High Risk
4342d4b2ba6b161468c63a7e7cfce593,RJ,20,3163.31,5,0,Healthy
43f8c9950d11ecd03a0304a49e010da6,SP,41,4807.22,7.32,0,Medium Risk
44073f8b7e41514de3b7815dd0237f4f,DF,144,21901.93,3.47,0,Healthy
4559697a8f7e637227c2eeaed843baff,SP,42,4474.27,7.14,0,Medium Risk
48436dade18ac8b2bce089ec2a041202,SP,138,15183.64,7.25,0,Medium Risk
48efc9d94a9834137efd9ea76b065a38,PR,33,666,0,0,Healthy
4992e76a42cb3aad7a7047e0d3d7e729,SP,57,3218.57,7.02,0,Medium Risk
4b5f66b7adcf57f1ecc0d3c07dd6b177,PR,23,7115.96,4.35,0,Healthy
4b9750c8ad28220fe6702d4ecb7c898f,SP,218,19305.1,7.8,0,Medium Risk
4bf2f4ee540798a61f9636d12cd9cc80,SP,29,5501.01,3.45,0,Healthy
4bfc7a4a1cf8d4d2121c27422d9e50b5,SP,26,9191.59,3.85,0,Healthy
4c03b9dd4c11ee2cb35c96c49efc9420,SP,48,7302.33,2.08,0,Healthy
4c18691b6037662be2df78a765d98ab5,SP,63,4316.51,7.94,0,Medium Risk
4c2b230173bb36f9b240f2b8ac11786e,SP,261,18989.84,9.96,0,Medium Risk
4c498c7345e89aebad651544829beca0,SP,48,5389.76,12.5,0,High Risk
4da0e408c99d2fdc2126dc9fce518060,PR,44,3964.73,0,0,Healthy
4e06067cc08b3f41d837768d392c3ee3,MG,31,1514.25,3.23,0,Healthy
4e17c65a516f69d023a2ae78b84f28d6,SP,61,8794.8,6.56,0,Medium Risk
4e5725ba188db8252977a4f0227bd462,SP,22,2313.2,27.27,0,High Risk
4e7c18b98d84e05cbae3ff0ff03846c2,SP,82,12053.88,4.88,0,Healthy
4e922959ae960d389249c378d1c939f5,SP,420,53304.75,10.48,0,High Risk
4ebdc7e6cd6102a022dadc49156d4ea8,SP,29,1297.9,3.45,0,Healthy
503c1de08ae81a2d86f17951b204db55,SP,22,5321.9,9.09,0,Medium Risk
5058e8c1e82653974541e83690655b4a,SP,63,13077.93,12.7,0,High Risk
50c9975695009e5e6473912e83a6d1da,MG,50,6883.95,14,0,High Risk
516e7738bd8f735ac19a010ee5450d8d,RJ,76,8109.32,5.26,0,Medium Risk
520b493b57809f446cb0a233bb3e25c7,SP,63,4762.87,3.17,0,Healthy
522620dcb18a6b31cd7bdf73665113a9,PR,174,61829.81,10.34,0,High Risk
527801b552d0077ffd170872eb49683b,SP,90,20005.36,10,0,Medium Risk
52f0fe436a347ddad7ed5f9aa4e27eaa,SP,21,1960.9,14.29,0,High Risk
52f9db5cfb423382a2fa5c9e39303202,SP,22,1628.54,0,0,Healthy
530ec6109d11eaaf87999465c6afee01,PR,97,15640.21,1.03,0,Healthy
53243585a1d6dc2643021fd1853d8905,BA,358,235856.68,4.19,0,Healthy
537eb890efff034a88679788b647c564,RJ,160,7178.9,5.63,0,Medium Risk
542917da124346b47ea1ac79a93ce454,PR,20,1667.08,5,0,Healthy
54965bbe3e4f07ae045b90b0b8541f52,PR,78,13164.84,28.21,0,High Risk
54a1852d1b8f10312c55e906355666ee,SP,200,20614.4,9.5,0,Medium Risk
55a5b51f93f2b70ea513f5a047b0262a,MG,39,4849.38,7.69,0,Medium Risk
55d3daac7c404d59e51c2aa2f4dc5a23,SP,21,5790.48,0,0,Healthy
55f7a3319d80f7fdf078b8f03e6725fe,SP,22,3420.45,9.09,0,Medium Risk
5656537e588803a555b8eb41f07a944b,DF,174,11442.96,7.47,0,Medium Risk
56642bcb79900e777d68e91915cb4267,SP,48,4471.79,8.33,0,Medium Risk
5670f4db5b62c43d542e1b2d56b0cf7c,SP,22,7212.65,4.55,0,Healthy
575df70bde3f9f2b30bf8d2e9910d725,SP,27,6163.42,7.41,0,Medium Risk
57c764b4a836300be881e2ff86e449f9,SP,29,1681.11,13.79,0,High Risk
57e632711dec9ec14ca7546769483e7e,SC,62,7558.04,0,0,Healthy
582d4f8675b945722eda7c0cb61ba4c7,SP,59,5683.93,1.69,0,Healthy
58f1a6197ed863543e0136bdedb3fce2,MG,44,7903.69,2.27,0,Healthy
594f9aaa48e5bf431f011ddc5669b0d5,MG,37,4136.41,2.7,0,Healthy
59b22a78efb79a4797979612b885db36,MG,125,32082.07,12.8,0,High Risk
59fb871bf6f4522a87ba567b42dafecf,SP,126,23754.76,6.35,0,Medium Risk
5a93f3ab0ef4c84ed5e1b5dbf23978bc,SP,39,3035.39,2.56,0,Healthy
5b179e9e8cc7ab6fd113a46ca584da81,SP,34,5839.14,8.82,0,Medium Risk
5b67882648febfb6e1225e6ad7164f6b,PR,27,7432.42,3.7,0,Healthy
5b925e1d006e9476d738aa200751b73b,SP,63,8801.84,6.35,0,Medium Risk
5bffbafbb22daf6d3bfc216a46db8708,RJ,21,5694.2,0,0,Healthy
5c243662ce92d84573bfaff24c3e3700,SP,98,34637.66,3.06,0,Healthy
5c6d4016c2a288f074fa0848a2b653d2,SP,32,3673.17,9.38,0,Medium Risk
5c853bb56f70f4d14218944bae111d7a,SP,23,514.19,0,0,Healthy
5cbbd5a299cab112b7bf23862255e43e,PR,36,3385.21,0,0,Healthy
5cf13accae3222c70a9cac40818ae839,MG,149,17402.47,3.36,0,Healthy
5d0363b33554b373851fc1622e4d5f3c,SP,94,8802.97,8.51,0,Medium Risk
5d3bb11474a06bdc23fb9e89f1164ee0,SP,31,4178.82,3.23,0,Healthy
5debea795b07621e1f90532e18f96145,PR,25,2388.13,0,0,Healthy
5f1dc28029d2c244352a68107ec2b542,SP,62,3803.46,6.45,0,Medium Risk
5f3ae9136c875522250f8184f253413a,SP,43,1773.76,6.98,0,Medium Risk
5f5b43b2bffa8656e4bc6efeb13cc649,SP,27,4232.65,3.7,0,Healthy
602044f2c16190c2c6e45eb35c2e21cb,SP,50,4677.44,18,0,High Risk
6039e27294dc75811c0d8a39069f52c0,SP,64,16047.17,21.88,0,High Risk
6061155addc1e54b4cfb51c1c2a32ad8,SP,28,16513.31,3.57,0,Healthy
609e1a9a6c2539919b8205cf7c4e6ff0,SC,87,9282.42,2.3,0,Healthy
612170e34b97004b3ba37eae81836b4c,RS,107,25372.08,1.87,0,Healthy
624f4ece8da4aafb77699233d480f8ef,SP,53,10927.37,7.55,0,Medium Risk
6288c69c4ce638e59925e59193f98b16,SP,22,4812.48,4.55,0,Healthy
6338ea67c41078a46ad99cc009654956,RS,37,3210.39,0,0,Healthy
63b464dbf392c7b80d12d932fa7cafed,SP,37,7662.25,5.41,0,Medium Risk
640e21a7d01df7614a3b4923e990d40c,SP,116,10045.12,6.9,0,Medium Risk
6426d21aca402a131fc0a5d0960a3c90,SP,23,1593.82,4.35,0,Healthy
643214e62b870443ccbe55ab29a4dccf,SP,66,4199.78,12.12,0,High Risk
6481e96574816ead57975da2c0f6d80d,SP,32,4340.86,3.13,0,Healthy
65febd49fd28ec955651299159b1f527,SP,35,5301.14,5.71,0,Medium Risk
66922902710d126a0e7d26b0e3805106,MG,151,17581.07,7.28,0,Medium Risk
66dc1b1632bd6a3e508510c5b3492107,SP,37,4449.26,2.7,0,Healthy
670c26e0f1bf8d0576271d5cfaec6d2b,PR,78,8035.63,5.13,0,Medium Risk
671585f5a2af58b6e276bc01003c0d2b,PR,27,1692.11,0,0,Healthy
679769a98cfcc6da877c8486ff1c13f3,MG,21,7467.39,0,0,Healthy
681fce914360217db47784ae28905a96,PR,23,4571.8,13.04,0,High Risk
6860153b69cc696d5dcfe1cdaaafcf62,SP,74,5318.23,9.46,0,Medium Risk
688756f717c462a206ad854c5027a64a,SP,83,7901.45,8.43,0,Medium Risk
6a0cbc8af2e8abd1bdfb777943d174c6,SP,35,4639.42,8.57,0,Medium Risk
6a8a889bde935bafa76d7848782dfaf9,SP,26,1228.62,7.69,0,Medium Risk
6a8b085f816a1f75f92dbac6eb545f8f,SP,127,8196.96,9.45,0,Medium Risk
6b15924333bd1a741595fe981ea04822,SP,21,854.46,9.52,0,Medium Risk
6b243f80ed07b10f0e8aa0f21a205f3c,PR,79,7807.4,3.8,0,Healthy
6b3bd31ad8fcda4b2635ec9f3ff2ecdf,RJ,36,4955.92,8.33,0,Medium Risk
6b90f847357d8981edd79a1eb1bf0acb,SP,45,4059.73,4.44,0,Healthy
6c177e38df6d3f34182b1f1d427231bf,PR,55,9376.53,3.64,0,Healthy
6cd68b3ed6d59aaa9fece558ad360c0a,MG,149,13718.46,2.01,0,Healthy
6d66611d7c44cc30ce351abc49a68421,SP,166,16854.37,6.02,0,Medium Risk
6d803cb79cc31c41c4c789a75933b3c7,SP,58,9925.07,6.9,0,Medium Risk
6df688df543f90e9b38f4319e75a9d88,MG,40,2733.56,0,0,Healthy
6e386f64c84e482f0b9abf960797ee1b,SP,30,13563.66,10,0,Medium Risk
6ec1a01e866584bb679eb9b098345919,SP,31,5063.76,19.35,0,High Risk
6f892e20a171e98efe17fdb971ff319b,SP,44,7342.86,9.09,0,Medium Risk
6fc26fe110feebd80a433e1f012a84f9,SP,35,5128.06,11.43,0,High Risk
6fd52c528dcb38be2eea044946b811f8,SP,67,8881.58,13.43,0,High Risk
7008613ea464bad5cb9b83456e1e6a8f,SC,127,10860.05,4.72,0,Healthy
701938c450705b8ae65fc923b70f35c7,SP,75,15792.12,6.67,0,Medium Risk
709e16e2b25c7474d980076c6bfc4806,SP,60,6378.86,3.33,0,Healthy
70a12e78e608ac31179aea7f8422044b,SP,315,36465.44,10.79,0,High Risk
70c27847eca8195c983ed7e798c56743,RJ,77,13529.18,9.09,0,Medium Risk
70eea00b476a314817cefde4aad4f89a,SP,108,34764.17,7.41,0,Medium Risk
71039d19d4303bf9054d69e9a9236699,SP,35,4158.65,22.86,0,High Risk
710e3548e02bc1d2831dfc4f1b5b14d4,PR,136,27855.07,4.41,0,Healthy
712e6ed8aa4aa1fa65dab41fed5737e4,SC,79,46704.13,21.52,0,High Risk
7139dc5186aa238b006e066d8fbab2e4,SP,22,2247.93,13.64,0,High Risk
7142540dd4c91e2237acb7e911c4eba2,SP,319,44289.16,8.15,0,Medium Risk
715bbd5ba4e6b74cb0d2f29eb45058b0,SP,62,5315.88,8.06,0,Medium Risk
7178f9f4dd81dcef02f62acdf8151e01,SC,203,41478.92,4.93,0,Healthy
7202e2ba20579a9bd1acb29e61fe71f6,SP,53,13916.16,5.66,0,Medium Risk
725c32fa80c2faacc4fc88450d27314e,SP,89,9166.66,1.12,0,Healthy
729b2d09b2a0bdab221076327f13d050,SP,49,2768.66,8.16,0,Medium Risk
729f06993dac8e860d4f02d7088ca48a,SP,96,25479.65,11.46,0,High Risk
72c5da29406b4234927b81855e7b64f6,SP,31,12652.47,3.23,0,Healthy
730937bf88cb151eb2eb849f642fc213,SP,22,3277.17,4.55,0,Healthy
744dac408745240a2c2528fb1b6028f3,PR,79,24385.02,1.27,0,Healthy
750303a20e9c56b2a6bc45cdce0b897d,GO,54,9394.81,3.7,0,Healthy
7681ef142fd2c19048da7430856b5588,SP,59,34857.93,13.56,0,High Risk
76d5af76d0271110f9af36c92573f765,SP,131,37541.56,9.16,0,Medium Risk
76d64c4aca3a7baf218bf93ef7fa768d,PR,64,20455.29,3.13,0,Healthy
7722b1df1b0e383e000397b2c11e3e19,SP,134,9165.3,2.99,0,Healthy
77a515caa36327151d1cc6c32a9f00e1,SP,26,2613.58,11.54,0,High Risk
78c99c6dff4eeae5be99bf635ed21e3f,SP,31,2695.77,9.68,0,Medium Risk
7901646fdd36a55f564ffaf2dbccaaf7,RJ,22,12478.83,13.64,0,High Risk
79ebd9a61bac3eaf882805ed4ecfa12a,PR,136,19105.14,5.88,0,Medium Risk
79ed755314cfe6df0daef2c6cd3022cd,SP,23,4366.66,0,0,Healthy
7aa4334be125fcdd2ba64b3180029f14,SP,217,20603.33,13.36,0,High Risk
7ad32824caee82087b3e2e5f33b1bf32,SP,151,26050.32,13.91,0,High Risk
7ade73f1b9b4e965f9009a4c3a7e2c15,SP,27,2338.17,0,0,Healthy
7b0df942f46435babab05d49b744b2c4,SP,32,23272.78,9.38,0,Medium Risk
7b1222c3624aa89b9558b50a2594188c,SP,22,10561.09,13.64,0,High Risk
7c5b05cbdb5542049f38d90d7815b97d,SP,22,1345.46,4.55,0,Healthy
7c67e1448b00f6e969d365cea6b010ab,SP,982,239536.44,9.98,0,Medium Risk
7d13fca15225358621be4086e1eb0964,SP,565,122261.02,12.04,0,High Risk
7d456afc660226829370f3173d14520c,SP,56,9857.87,5.36,0,Medium Risk
7d76b645482be4a332374e8223836592,SP,176,6431.54,11.36,0,High Risk
7dc8c42cc750eeafea6c85712ffee9bf,SP,41,7445.09,4.88,0,Healthy
7e26c750b4cb9f6766f58265ff9ebe95,MG,23,1733.18,0,0,Healthy
7e3f87d16fb353f408d467e74fbd8014,SP,92,6193.7,11.96,0,High Risk
7ea5bfa6c340f58f8e71fc1f0412b0d6,MG,98,12663.88,7.14,0,Medium Risk
7ecd59e5e20407131822c1a68ac59c1f,DF,24,2054.52,16.67,0,High Risk
7f152321c60a266edc53af1925ef96c1,SC,20,4471.92,30,0,High Risk
7f2617c58d5d06806987308b45654351,SP,22,3983.27,9.09,0,Medium Risk
7f7b8245c336066a1f9933c359f11d77,SP,38,2630.23,2.63,0,Healthy
808d4348b916efa08e766ebad39f61eb,SP,21,1014.92,4.76,0,Healthy
8090490573c6c0aa343a7231ebcb8c86,SP,26,4298.03,7.69,0,Medium Risk
80e6699fe29150b372a0c8a1ebf7dcc8,PR,98,14154.9,4.08,0,Healthy
813348c996469b40f2e028d5429d3495,SP,179,14800.43,5.03,0,Medium Risk
8160255418d5aaa7dbdc9f4c64ebda44,SP,385,54871.5,16.36,0,High Risk
817245bcc3badd82bbd222e0366951a6,SP,29,6303.08,3.45,0,Healthy
81a1104df0f08b59c68aa5b03cfe398e,PR,73,11235.27,5.48,0,Medium Risk
81f89e42267213cb94da7ddc301651da,SP,46,4721.18,0,0,Healthy
822166ed1e47908f7cfb49946d03c726,RJ,69,5535.95,1.45,0,Healthy
827f8f69dfa529c561901c4f2e0f332f,PR,91,5003.96,9.89,0,Medium Risk
834f3294fba9f932f56edc879193f925,SP,66,44207.42,6.06,0,Medium Risk
834f8533b2ecb6598dd004ff3de7203a,SP,43,5496.31,13.95,0,High Risk
83deb69e889cf80f82be1dc6d5f2d486,SC,40,6276.65,5,0,Healthy
83e197e95a1bbabc8c75e883ed016c47,RJ,47,7680.06,2.13,0,Healthy
845e8036c3f7bf62099352f5ed910240,RJ,21,2045.24,0,0,Healthy
850f4f8af5ea87287ac68de36e29107f,SP,187,48469.77,6.42,0,Medium Risk
8648b1e89e9b349e32d3741b30ec737e,SP,95,8946.05,10.53,0,High Risk
870d0118f7a9d85960f29ad89d5d989a,MG,45,4428.03,4.44,0,Healthy
87142160b41353c4e5fca2360caf6f92,RS,305,38314.31,5.57,0,Medium Risk
8931a84a914b3fe9b1ddaa4d704947ca,SP,29,5092.89,6.9,0,Medium Risk
8a130737016f838139d31878787a39c9,SP,56,5064.32,7.14,0,Medium Risk
8a432f4e5b471f8da497d7dc517666e2,SP,95,9520.11,5.26,0,Medium Risk
8ab42aa58097fd4668d60cc648225d5f,GO,20,3210.39,0,0,Healthy
8ae520247981aa06bc94abddf5f46d34,SC,65,17766.34,1.54,0,Healthy
8b2492b7ff4468839593fafeed55bad9,RJ,29,4336.26,6.9,0,Medium Risk
8b321bb669392f5163d04c59e235e066,SP,943,31692.05,10.29,0,High Risk
8b9d6eec4a7eb7d0f9d579ce0b38324d,RJ,49,5916.98,16.33,0,High Risk
8bb48dc19fccaa8613b6229bf7f452a2,SP,82,6048.12,2.44,0,Healthy
8bd0f31cf0a614c658f6763bd02dea69,SP,33,5423.32,3.03,0,Healthy
8c16d1f32a54d92897cc437244442e1b,SC,108,7754.67,0.93,0,Healthy
8cbac7e12637ed9cffa18c7875207478,SC,67,4654.35,5.97,0,Medium Risk
8cc6a0e5738e61a87b03c78b2ba9db4b,MG,24,13838.22,8.33,0,Medium Risk
8d79c8a04e42d722a75097ce5cbcf2ef,CE,27,3535.16,14.81,0,High Risk
8e6d7754bc7e0f22c96d255ebda59eba,SP,85,16212.51,16.47,0,High Risk
8e8a7ce9f2f970dc00e2acf6f6e199f6,RJ,65,10284.82,9.23,0,Medium Risk
8f2ce03f928b567e3d56181ae20ae952,SP,153,25550.01,15.03,0,High Risk
8fdca8e349553f99bc738833a62c8802,SP,22,1370.22,4.55,0,Healthy
900ba814c251a692506d7834c1218441,SP,88,31467.94,13.64,0,High Risk
903037660cf848a717166eb7a06d616e,SP,45,9083.28,13.33,0,High Risk
916748bc99315c2d202898ae58b1617e,SP,25,746.51,0,0,Healthy
91f848e9f4be368f4318775aac733370,SP,63,7168.16,3.17,0,Healthy
92eb0f42c21942b6552362b9b114707d,SP,341,11492.67,7.92,0,Medium Risk
93b9a99027bd8bd6af682aff18dd19bf,SP,20,2420.11,0,0,Healthy
93dc87703c046b603023e75222018b45,MG,35,9206.29,8.57,0,Medium Risk
94144541854e298c2d976cb893b81343,RS,68,18715.65,4.41,0,Healthy
94e93ce877be27a515118dbfd2c2be41,SP,30,6542.72,0,0,Healthy
951e8cef368f09bb3f3d03c00ca4702c,SP,64,5493.09,7.81,0,Medium Risk
9596c870880d900012f2e8e6e30d06d7,MG,22,10615.33,4.55,0,Healthy
95e03ca3d4146e4011985981aeb959b9,RJ,175,14243.5,3.43,0,Healthy
95ec4458365c4d11f452ccf538377619,SP,27,2303.43,3.7,0,Healthy
960945e1a9535cbc0cd6ddd35fbe7ae8,SP,28,3861.53,0,0,Healthy
9616352088dcf83a7c06637f4ebf1c80,PR,92,7490.57,0,0,Healthy
96493fab2fbb13a14d0c0e8772eef5c3,SP,63,20181.23,6.35,0,Medium Risk
966cb4760537b1404caedd472cc610a5,SP,75,52935.87,2.67,0,Healthy
96804ea39d96eb908e7c3afdb671bb9e,MG,38,4365.76,2.63,0,Healthy
972d0f9cf61b499a4812cf0bfa3ad3c4,SC,83,10240.59,10.84,0,High Risk
974cf2cb8f4b7add98709c30df02fe10,SP,33,3559.68,3.03,0,Healthy
977f9f63dd360c2a32ece2f93ad6d306,SP,24,3793.85,12.5,0,High Risk
98dac6635aee4995d501a3972e047414,SP,91,6675.37,8.79,0,Medium Risk
99002261c568a84cce14d43fcffb43ea,MT,36,5188.33,8.33,0,Medium Risk
99a54764c341d5dc80b4a8fac4eba3fb,SP,45,5026.26,20,0,High Risk
9b013e03b2ab786505a1d3b5c0756754,SP,174,11631.61,5.75,0,Medium Risk
9baf5cb77970f539089d09a38bcec5c3,SP,32,6673.4,0,0,Healthy
9d4db00d65d7760644ac0c14edb5fd86,SP,98,11512.81,4.08,0,Healthy
9d5a9018aee56acb367ba9c3f05d1d6a,GO,67,11982.21,1.49,0,Healthy
9de4643a8dbde634fe55621059d92273,SC,72,19282.41,4.17,0,Healthy
9e6229250fedbe05838fef417b74e7fb,SP,74,14986.65,4.05,0,Healthy
9f505651f4a6abe901a56cdc21508025,SP,397,32391.86,5.04,0,Medium Risk
a36b125ac6d5fdbc7f50de85c9157bdc,SP,24,2232.63,12.5,0,High Risk
a3a38f4affed601eb87a97788c949667,SC,254,31775.27,4.72,0,Healthy
a3dd39f583bc80bd8c5901c95878921e,BA,34,5412.16,2.94,0,Healthy
a3e9a2c700480d9bb01fba070ba80a0e,SP,130,16323.89,10,0,Medium Risk
a3f0b55de503387383c7b1de3ad7f678,PR,24,5577.74,4.17,0,Healthy
a420f60ff1aa9acc80d0e42959f2b313,SP,67,8543.27,8.96,0,Medium Risk
a49928bcdf77c55c6d6e05e09a9b4ca5,SP,98,10574.25,25.51,0,High Risk
a5a1bfcf728ab0e19182959cf0771ee4,SP,21,2160.85,9.52,0,Medium Risk
a5cba26a62b8b4d0145b68b841e62e7f,PR,54,16120.66,1.85,0,Healthy
a6fe7de3d16f6149ffe280349a8535a0,SP,51,3647.42,15.69,0,High Risk
a7f13822ceb966b076af67121f87b063,SP,75,15595.12,6.67,0,Medium Risk
a888faf2d1baececa6baf9c3d603ee1f,PR,54,18887.32,14.81,0,High Risk
a938325a4b357fd23a6a4d5bb126408e,RJ,24,3791.81,4.17,0,Healthy
aac29b1b99776be73c3049939652091d,MG,98,9465.52,9.18,0,Medium Risk
aae3bfea055532c57fb453ed3ec80b30,SP,48,3857.17,0,0,Healthy
aaed1309374718fdd995ee4c58c9dfcd,SC,105,11708.02,2.86,0,Healthy
aafe36600ce604f205b86b5084d3d767,SC,129,11673.2,4.65,0,Healthy
aba1721a889e04decc910aa13b768ef4,SP,83,15352.47,10.84,0,High Risk
abcd2cb37d46c2c8fb1bf071c859fc5b,MT,45,6200.62,4.44,0,Healthy
abe42c5d03695b4257b5c6cbf4e6784e,RJ,50,18158.23,16,0,High Risk
ac3508719a1d8f5b7614b798f70af136,RS,103,15792.23,2.91,0,Healthy
acce39e832338debb07b02385cde5967,MG,44,5923.66,0,0,Healthy
aced59e9b31ef866a94f9e7f29d8d418,SP,61,8315.8,8.2,0,Medium Risk
ad420dd0c4f92f8af951ac24b86d0cf5,MG,42,5618.4,7.14,0,Medium Risk
adbc26658d6c7b4b6219f9d934598091,PR,88,13692.25,15.91,0,High Risk
af3ef48d0e13835e529c29ac573c63e5,SP,21,1873.13,4.76,0,Healthy
af4a0e4cfe1d9c26b6712b1be25a72e5,MG,21,9351.6,9.52,0,Medium Risk
b14db04aa7881970e83ffa9426897925,SP,83,8123.95,10.84,0,High Risk
b18dc380845b24038cfc48006478f099,SP,44,9248.93,15.91,0,High Risk
b1a81260566c1bac3114a6d124413f27,RS,51,10250.2,1.96,0,Healthy
b1ac6ea7895bc3dd6f0f6f4abbdd2821,RS,40,3964.33,0,0,Healthy
b1fc4f64df5a0e8b6913ab38803c57a9,RJ,107,10140.99,12.15,0,High Risk
b2a6d334e2833acea353624840e25a0e,SP,25,2038.59,0,0,Healthy
b2ac621f0d0322434d04a12b078b9369,PR,30,10356.89,10,0,Medium Risk
b32be1695eb7ec5f10f72d9610a12527,RS,45,29831.02,4.44,0,Healthy
b33e7c55446eabf8fe1a42d037ac7d6d,SP,152,47710.24,12.5,0,High Risk
b347677812ea483b0f528eaf8cbc09b7,PR,21,8051.34,0,0,Healthy
b372ee768ed69e46ca8cdbd267aa7a38,SP,63,13813.84,0,0,Healthy
b39d7fe263ef469605dbb32608aee0af,SP,44,6255.77,4.55,0,Healthy
b410bdd36d5db7a65dcd42b7ead933b8,GO,44,8733.61,2.27,0,Healthy
b494891378bd8f4560abe576c52deacd,SP,20,3270.82,5,0,Healthy
b499c00f28f4b7069ff6550af8c1348a,SP,152,12905.08,12.5,0,High Risk
b4a476fbd28de64b1e347abf9089366a,SP,33,6735.95,9.09,0,Medium Risk
b4ffb71f0cb1b1c3d63fad021ecf93e1,SP,144,9176.07,2.08,0,Healthy
b561927807645834b59ef0d16ba55a24,SP,85,5807.03,14.12,0,High Risk
b56906f7fd1696e043f1bcce164c487b,SP,40,2995.42,5,0,Healthy
b74d1c09cb380e1d03a6f859c6f4224b,RJ,31,3053.2,12.9,0,High Risk
b76dba6c951ab00dc4edf0a1aa88037e,SP,159,4881.88,3.14,0,Healthy
b839e41795b7f3ad94cc2014a52f6796,SP,33,43749.93,3.03,0,Healthy
b83cedfb587e7911540e3f576d6917ce,SP,24,2568.75,8.33,0,Medium Risk
b8555308bfdb4ca1ed54325a58da9a97,SP,26,3630.03,7.69,0,Medium Risk
b8bc237ba3788b23da09c0f1f3a3288c,SC,45,15621.16,2.22,0,Healthy
b90e891671cffd9557f33a97dc523645,PR,34,5081.31,0,0,Healthy
b92e3c8f9738272ff7c59e111e108d7c,MG,62,10645.3,3.23,0,Healthy
b94cc9f10ddc85e4ba73a6f7974e7101,RJ,39,26368.49,7.69,0,Medium Risk
ba143b05f0110f0dc71ad71b4466ce92,SP,85,7453.59,15.29,0,High Risk
ba90964cff9b9e0e6f32b23b82465f7b,SP,38,45523.5,5.26,0,Medium Risk
bba74270a87732727b5a3b4fd9ac1c39,MG,36,6760.44,0,0,Healthy
bbad7e518d7af88a0897397ffdca1979,SP,69,5800.42,15.94,0,High Risk
bccf933e006e9b94a6184af782963e77,SP,45,5047.21,2.22,0,Healthy
bd0389da23d89b726abf911cccc54596,DF,87,9128.47,8.05,0,Medium Risk
bd4889b5e9133b35b66e42a8665cea5c,SP,36,7256.54,0,0,Healthy
bd697db56ff8e7c9cd1abeb7f72029b2,SP,22,3415.2,0,0,Healthy
beadbee30901a7f61d031b6b686095ad,SP,64,5311.52,25,0,High Risk
bf00385a5f7fc1ef39a13c2e9ee50a5f,SP,29,1213.03,0,0,Healthy
bf100ecb7997df312b285358fb32f92c,PR,20,2337.01,0,0,Healthy
bf3c6d2a28b2b5501e6c15448982dcc9,SP,35,4648.15,2.86,0,Healthy
bf84056e679dbe9c69929847a40e338f,SP,36,2477.32,8.33,0,Medium Risk
bfd27a966d91cfaafdb25d076585f0da,SP,117,22645.05,5.13,0,Medium Risk
c003204e1ab016dfa150abc119207b24,SP,197,29850.89,6.6,0,Medium Risk
c013e57c075a06e5b5c48ee03c525719,SP,42,2828.66,7.14,0,Medium Risk
c0563dd588b775f2e37747ef6ad6c92c,SP,28,4094.68,10.71,0,High Risk
c31eff8334d6b3047ed34bebd4d62c36,SP,122,15586.05,13.93,0,High Risk
c33847515fa6305ce6feb1e818569f13,SC,114,19894.26,4.39,0,Healthy
c3cfdc648177fdbbbb35635a37472c53,PR,278,49127.81,2.52,0,Healthy
c60b801f2d52c7f7f91de00870882a75,SP,41,13652.89,19.51,0,High Risk
c66dccfb3f109511246da627dd5a2498,SP,45,13682.25,4.44,0,Healthy
c68fb906c8f4b4b946d8386bfa6e5467,SP,45,5433.61,2.22,0,Healthy
c6bda72e4dbf5c5866b13cb1810c6d03,SP,59,15196.12,3.39,0,Healthy
c70c1b0d8ca86052f45a432a38b73958,SP,261,40476.28,8.43,0,Medium Risk
c72de06d72748d1a0dfb2125be43ba63,BA,21,18733.18,0,0,Healthy
c731d18cea9bf687ffee82a241c25b11,SC,24,4272.65,0,0,Healthy
c826c40d7b19f62a09e2d7c5e7295ee2,SP,354,51217.22,9.32,0,Medium Risk
c8417879a15366a17c30af34c798c332,SP,26,2255.44,11.54,0,High Risk
c8467937e403e76a8ee9f0ab13f6f5ef,MG,30,2442.74,13.33,0,High Risk
c864036feaab8c1659f65ea4faebe1da,PR,58,12299.77,3.45,0,Healthy
c8b0e2b0a7095e5d8219575d5e7e1181,SP,84,13657.34,7.14,0,Medium Risk
c8b3445d737de6befde0c88ede534a5e,SP,30,3800.79,3.33,0,Healthy
c9aafcd0621b2207c10e32c649cada4d,SP,44,3885.9,9.09,0,Medium Risk
c9c7905cffc4ef9ff9f113554423e671,SP,127,12766.71,10.24,0,High Risk
cab85505710c7cb9b720bceb52b01cee,SP,206,14295.24,2.43,0,Healthy
cac4c8e7b1ca6252d8f20b2fc1a2e4af,SP,75,5722.54,22.67,0,High Risk
cac876b37d3abcd6bd76caca30277996,PR,27,2958.79,3.7,0,Healthy
cb8bcce248bb1fb274ba762d8b971456,MG,68,10635.02,1.47,0,Healthy
cbd996ad3c1b7dc71fd0e5f5df9087e2,SP,165,11284.96,8.48,0,Medium Risk
cc3d14116804f7209f3884f6367f1152,PR,27,6060.59,3.7,0,Healthy
cc5a78bbad32776dc4e3af205218368c,MG,33,5573.35,3.03,0,Healthy
cc63f0dd2acba93ffed4fe9f8e0321fa,SP,55,8496.68,0,0,Healthy
ccc4bbb5f32a6ab2b7066a4130f114e3,PR,187,79261.6,7.49,0,Medium Risk
ccf8813e5a7d6c84d865cd38bfc2b130,SP,26,3051.29,7.69,0,Medium Risk
cd6efc47efaabf134f8bdb654e10b4f1,RJ,31,4757.16,9.68,0,Medium Risk
ce27a3cc3c8cc1ea79d11e561e9bebb6,SP,135,13011.87,2.22,0,Healthy
ce7d1888639e6fb06b2749cbfdac1ff7,MG,78,14876.54,8.97,0,Medium Risk
cea729054f157f5870bdd321a958d994,SP,24,2831.62,4.17,0,Healthy
cee48807215b30a12ca2ca10ffb5f250,SP,39,8125.52,15.38,0,High Risk
cfe94489ddd337d1e29e12f2a7205d10,SP,20,2672.82,10,0,Medium Risk
d12c926d74ceff0a90a21184466ce161,SP,78,5192.82,1.28,0,Healthy
d13e50eaa47b4cbe9eb81465865d8cfc,SP,67,8012.84,20.9,0,High Risk
d1c281d3ae149232351cd8c8cc885f0d,SP,215,32339.06,8.84,0,Medium Risk
d1ef48b38baca7e831711c4a0aeb398f,PR,29,2144.69,10.34,0,High Risk
d23019c84ffae2d5ef2270367b8605fc,PR,39,31954.84,2.56,0,Healthy
d3674f271c91f824f82d24d92011f669,DF,20,2101.82,10,0,Medium Risk
d379f449f2a3b271bc01c0782020f705,MG,28,5499.8,3.57,0,Healthy
d3f39f05462b79a4562d35893a28f159,SP,34,2968.77,11.76,0,High Risk
d4e12e7884759a14fa0f5f896c791cae,SP,29,1839.67,6.9,0,Medium Risk
d50d79cb34e38265a8649c383dcffd48,SP,70,14944.68,7.14,0,Medium Risk
d566c37fa119d5e66c4e9052e83ee4ea,SP,65,6124.92,3.08,0,Healthy
d57e18d5f73c7ccb7f7339b61166898d,SP,61,4111.19,3.28,0,Healthy
d5ba419e26d246a0719437cf37d9b46d,SP,34,4581.51,11.76,0,High Risk
d624126b9206f595fb3fbb6ba03b28a8,PR,23,7768.5,4.35,0,Healthy
d650b663c3b5f6fb392b6326366efa9a,SP,60,20153.04,6.67,0,Medium Risk
d673a59aac7a70d8b01e6902bf090a11,SP,79,5499.56,10.13,0,High Risk
d6b1ce66b035a475f00c017792ff9769,SP,92,14315.88,6.52,0,Medium Risk
d71d863e5ef30d94e440c11be17dcd8f,SP,29,12655.65,10.34,0,High Risk
d8c7ba53e7e38711eaef8c2849d6d2e1,PR,22,1788.34,0,0,Healthy
d91fb3b7d041e83b64a00a3edfb37e4f,SP,535,50180.51,6.17,0,Medium Risk
d921b68bf747894be13a97ae52b0f386,MG,77,17403.81,1.3,0,Healthy
d93919c944be9cff128f6c9cb899eacb,SP,33,3624.01,18.18,0,High Risk
d94a40fd42351c259927028d163af842,MG,101,17220.94,3.96,0,Healthy
d97df38225e5abadaff1e72cb72b823c,SP,29,2362.92,17.24,0,High Risk
d98eec89afa3380e14463da2aabaea72,RS,168,10225.31,2.38,0,Healthy
d9a84e1403de8da0c3aa531d6d108ba6,SP,54,2157.34,5.56,0,Medium Risk
d9bd94811c3338dceb4181f3dbc0c73e,SP,54,7682.11,11.11,0,High Risk
da8622b14eb17ae2831f4ac5b9dab84a,SP,1314,185192.32,7.61,0,Medium Risk
daeb5653dd96c1b11860f72209795012,MG,40,2938.06,7.5,0,Medium Risk
db2956745b3a8e9f3785c99f34b5d25e,SP,47,9574.27,10.64,0,High Risk
db4350fd57ae30082dec7acbaacc17f9,SP,137,5421.64,3.65,0,Healthy
dbb9b48c841a0e39e21f98e1a6b2ec3e,SP,108,8768.26,3.7,0,Healthy
dbd66278cbfe1aa1000f90a217ca4695,SP,85,6472.77,5.88,0,Medium Risk
dc317f341ab0e22f39acbd9dbf9b4a1f,RS,55,22570.13,5.45,0,Medium Risk
dc4a0fc896dc34b0d5bfec8438291c80,SP,231,28795.09,6.49,0,Medium Risk
dd533b429f380718b70ad9922c294bae,SP,41,3970.98,12.2,0,High Risk
dd55f1bb788714a40e7954c3be6df745,SP,35,7701.18,17.14,0,High Risk
dd7ddc04e1b6c2c614352b383efe2d36,SP,122,12072,15.57,0,High Risk
de722cd6dad950a92b7d4f82673f8833,PE,339,65112.75,4.42,0,Healthy
dee656f0f566ed1aa85bd137c943f08f,SP,93,7968.67,5.38,0,Medium Risk
df560393f3a51e74553ab94004ba5c87,PR,28,4267.33,7.14,0,Medium Risk
df56d7b40d437f88407c5f78b63bc328,PR,22,3251.5,4.55,0,Healthy
dfa0c4c6229ab200a4a1336b4d7128ff,SC,77,6544.21,3.9,0,Healthy
dfc5fb7259bb2b599ca565e6e9448f0f,SP,33,6845.98,3.03,0,Healthy
e067ad2c1c0b48758eb1b5228bcf7a68,SP,54,6047.91,9.26,0,Medium Risk
e06f09ec0a4aca210779cf1cfc63cf19,SP,29,5901.41,6.9,0,Medium Risk
e0878efa0e0b7e5313ac0b43bc04c081,PR,27,5594.91,18.52,0,High Risk
e0a366315b1b726b6c7832d664c0f530,SP,43,8145.17,4.65,0,Healthy
e21a1e8be4715b0fcfd5385643bc49c4,SC,21,1175.89,0,0,Healthy
e24fc9fcd865784fb25705606fe3dfe7,SP,52,13966.71,7.69,0,Medium Risk
e333046ce6517bd8bb510291d44f0130,SP,68,8699.32,5.88,0,Medium Risk
e38db885400cd35c71dfd162f2c1dbcf,DF,30,2737.55,13.33,0,High Risk
e48b04bf1aa1ef711caebeb7aede6180,PR,25,3832.73,0,0,Healthy
e59aa562b9f8076dd550fcddf0e73491,PR,70,33803.97,10,0,Medium Risk
e5a38146df062edaf55c38afa99e42dc,SP,121,17254.59,9.09,0,Medium Risk
e62b2d6ac10570a035a30bafcf01d263,SP,62,6375.47,12.9,0,High Risk
e63e8bfa530fb16910dd6956e592bb81,SP,42,1979.17,4.76,0,Healthy
e7d5b006eb624f13074497221eb37807,SP,28,4220.42,7.14,0,Medium Risk
e7df4cd29ab5abab70fb0783ddb53987,SP,23,10022.07,17.39,0,High Risk
e882b2a25a10b9c057cc49695f222c19,RJ,57,53913.76,0,0,Healthy
e883aa812c37a7413226856f4579fe91,SP,26,4554.46,3.85,0,Healthy
e89c4adbe7b1d0819dbb636e16461cf1,SP,24,3636.15,12.5,0,High Risk
e8b3a3a38279a82f0e5d006d5e5b7d2c,PR,87,14916.39,4.6,0,Healthy
e8b4225284fbb02d16f200513f1f395d,SP,31,7086.13,9.68,0,Medium Risk
e8f6dc8e6a1dcde89d20e3995c8d90b3,SP,36,4308.02,8.33,0,Medium Risk
e9511df20ccd82658a30c37b7fb343af,SP,22,2823.1,0,0,Healthy
e96498ed8daaa3e9c23f7a62da76591c,SP,34,10332.19,14.71,0,High Risk
e99e927c81e3f51739c94fcdfca9f10f,MG,22,3360.47,18.18,0,High Risk
e9d99831abad74458942f21e16f33f92,SP,130,6916.06,10.77,0,High Risk
ea566164622c6b439516ab18062c42cd,SP,50,11167.98,22,0,High Risk
ea67327e24487bdfac5fbfa37ea124df,SP,32,7180.28,3.13,0,Healthy
ebd2d60905fb58271facef5596b620d3,SP,84,9675.02,3.57,0,Healthy
ec8879960bd2221d5c32f8e12f7da711,SP,36,4881.38,16.67,0,High Risk
ececbfcff9804a2d6b40f589df8eef2b,SP,98,8661.06,10.2,0,High Risk
ed4311e67debd72b8610a5347a743087,SP,25,4342.81,8,0,Medium Risk
ed4acab38528488b65a9a9c603ff024a,SP,32,13369.76,3.13,0,Healthy
edb1ef5e36e0c8cd84eb3c9b003e486d,RJ,166,83189.65,7.83,0,Medium Risk
edf96ef93ed595084bbcbd9224bd2894,SP,25,4365.78,12,0,High Risk
eeb6de78f79159600292e314a77cbd18,SC,83,46795.28,3.61,0,Healthy
eed78ac17f7f795a19a709745f00cd4e,SP,22,5195.84,0,0,Healthy
ef0ace09169ac090589d85746e3e036f,RJ,129,18538.95,8.53,0,Medium Risk
ef2fbc2b607d8492bcffe657a4645434,RJ,20,1333.69,10,0,Medium Risk
ef990a83bbea832f36ebe81376335aa8,SC,43,5557.24,25.58,0,High Risk
efcd8d2104f1a05d028af7bad20d974b,SP,47,3280.19,2.13,0,Healthy
f00e21b1e91a79653163b7fd8f293ff1,SP,31,4471.06,3.23,0,Healthy
f0837c8d71434931d9e38e7b79234797,RS,22,4049.36,4.55,0,Healthy
f08c008c8a8d31417763738a1788a2a8,PR,22,1714.69,13.64,0,High Risk
f0b47fbbc6dee9aafe415a6e33051b3f,SP,68,5132.19,10.29,0,High Risk
f181738b150df1f37cb0bd72e705b193,SP,36,6632.75,11.11,0,High Risk
f214d28e8d8e3ef068748498ccc2f813,SP,54,3021.52,7.41,0,Medium Risk
f27e33c6d29b5138fa9967bcd445b6d5,SP,93,10482.25,10.75,0,High Risk
f3b80352b986ab4d1057a4b724be19d0,DF,87,12692.73,0,0,Healthy
f3da5b2ff499efb8d4a6d371d175d7dd,SP,79,4826.86,13.92,0,High Risk
f41ce2e25237f9092cd8e6e7516c7a2f,SP,27,2362.6,0,0,Healthy
f45122a9ab94eb4f3f8953578bc0c560,SP,187,25404.13,7.49,0,Medium Risk
f46490624488d3ff7ce78613913a7711,SP,83,7550.67,12.05,0,High Risk
f4aba7c0bca51484c30ab7bdc34bcdd1,SP,110,4557.5,6.36,0,Medium Risk
f4db9b37944bcb8873e6b456ee190bbf,SP,21,3909.94,9.52,0,Medium Risk
f593898ec748b7a8cb81fc04edafd98a,SP,20,3541.12,15,0,High Risk
f61c63d13f7cd800549d5acdd390ae72,SP,26,3501.69,7.69,0,Medium Risk
f62d7bb4a613ec758a03342d46b580b2,MG,32,26790.59,12.5,0,High Risk
f67efa3f0b6761102a7f8c6b7b571f5d,PR,31,6030.17,0,0,Healthy
f680f85bee2d253556ac91be391d2c82,SP,45,6077.34,2.22,0,Healthy
f7496d659ca9fdaf323c0aae84176632,SP,26,5932.51,7.69,0,Medium Risk
f76a3b1349b6df1ee875d1f3fa4340f0,SP,24,4748.98,37.5,0,High Risk
f7720c4fa8e3aba4546301ab80ea1f1b,PR,60,3418.97,5,0,Healthy
f789d2c4f2c2eb38fc4373e7a4b35264,MG,44,5733.24,4.55,0,Healthy
f7ba60f8c3f99e7ee4042fdef03b70c4,SP,219,72736.01,15.53,0,High Risk
f7ccf836d21b2fb1de37564105216cc1,SP,70,3910.44,10,0,Medium Risk
f84a00e60c73a49e7e851c9bdca3a5bb,RJ,90,7951.76,11.11,0,High Risk
f84fa566034f5e8e880a07ec624c56af,SP,91,6326.7,13.19,0,High Risk
f918546be4bec7104d117789ba758b2b,SP,20,1830.15,20,0,High Risk
f9244d45189d3a3605499abddeade7d5,SP,21,16607.42,0,0,Healthy
fa1a9dec3a9940c072684a46728bf1fc,SC,55,7875.71,0,0,Healthy
fad44952713764836814be105382aee5,RJ,32,5636.88,3.13,0,Healthy
fb89df7f89fd1b8f03fa2acca1ba7364,PR,22,2687.43,9.09,0,Medium Risk
fc906263ca5083d09dce42fe02247800,MG,114,6383.28,0,0,Healthy
fd386aa7bed2af3c7035c65506c9b4a3,SP,69,3316.17,10.14,0,High Risk
fdb9095204a334cd8872252ffec6f2db,SP,46,9289.37,6.52,0,Medium Risk
fde0cc9ea29c8ccfc0a2c22256a58c71,PR,35,4921.27,2.86,0,Healthy
fe2032dab1a61af8794248c8196565c9,SP,294,70680.95,8.84,0,Medium Risk
febab0275244b9a49a623f0bd613ca2f,SP,109,10289.17,4.59,0,Healthy
ff063b022a9a0aab91bad2c9088760b7,SP,94,14061.27,3.19,0,Healthy
ff1fb4c404b2efe68b03350a8dc24122,SP,46,7666.95,15.22,0,High Risk
ff69aa92bb6b1bf9b8b7a51c2ed9cf8b,SP,20,23695.2,25,0,High Risk
ffc470761de7d0232558ba5e786e57b7,SP,28,2087.13,3.57,0,Healthy
